{
    "thickness": 0.10784797034679071,
    "thickness_loc": 0.4257575757575757,
    "camber": 0.0,
    "camber_loc": 0.0,
    "le_radius": 0.0,
    "te_angle": 0.0,
    "peak_ld_2d": 60.94043887147335,
    "aoa_2d": 2.0,
    "peak_ld": 32.29000694005825,
    "peak_aoa": 2.0,
    "ld_5deg": 0.0,
    "ld_5deg_2d": 0.0,
    "cl_5deg": 0.0,
    "cd_5deg_3d": 0.0,
    "avg_ld": 0.0,
    "cl_at_peak": 0.3888,
    "cd_at_peak": 0.012040876941332074,
    "cst_weights_upper": [
        0.15859671621407812,
        0.1156001609626644,
        0.09942271798248045,
        0.34347337983289805,
        0.2506879548922692
    ],
    "cst_weights_lower": [
        -0.13289596290655575,
        -0.12210972835577748,
        -0.17089438112538552,
        -0.05282377432614971,
        -0.12357167373770409
    ]
}